cycle,SP500,Nasdaq100,Gold_ETF,Bitcoin,DXY,VIX
cut,1.7087796269850992,1.7158742342302802,0.7024299764700287,0.22063413225787137,-0.2081647119481056,-1.950734564272215
hike,0.9185036502220166,1.3622724319649528,0.5613002947948089,2.9863693305211965,-0.09292129949822278,-0.5172686511507053
neutral,0.9831665601044363,1.264056820583075,0.5655402027915905,6.407857961892867,0.32602616785296124,3.9287770461851257
